domain,seqlen,scTM,scRMSD,pLDDT,pAE
design_0,120,0.188,15.729,52.124,-inf
design_8,121,0.222,17.643,97.350,-inf
design_4,105,0.258,13.512,80.204,-inf
design_3,105,0.234,15.110,90.573,-inf
design_1,115,0.197,16.905,93.741,-inf
design_2,103,0.189,13.743,89.407,-inf
design_9,107,0.290,10.737,95.295,-inf
design_5,128,0.196,15.130,95.762,-inf
design_6,108,0.179,14.532,96.438,-inf
design_7,101,0.172,12.015,64.067,-inf
