domain,designed_pct_helix,designed_pct_strand,designed_pct_ss,designed_pct_left_helix
design_6,0.787,0.000,0.787,0.000
design_8,0.851,0.000,0.851,0.000
design_7,0.426,0.230,0.655,0.000
design_9,0.850,0.000,0.850,0.000
design_2,0.398,0.330,0.728,0.000
design_3,0.807,0.000,0.807,0.000
design_0,0.292,0.367,0.658,0.000
design_4,0.762,0.000,0.762,0.000
design_1,0.435,0.226,0.661,0.000
design_5,0.484,0.180,0.664,0.000
